	V1
Topic45 (america, arable, dog, organismal, door)	0.482968810488
Topic6 (soil, rhizosphere, field, garden, ant)	0.11887080012
Topic27 (skin, forearm, volar, surface, hand)	0.0537121500543
Topic11 (beach, sand, marine, surface, oil)	0.0472623340478
Topic54 (soil, field, terrestrial, compost, agricultural)	0.0383196290388
Topic13 (male, disease, naris, skin, female)	0.0351037710355
Topic19 (soil, rhizosphere, plate, farm, root)	0.0315132180319
Topic44 (sand, oil, depth, normal, hydrocarbon)	0.0275791210279
Topic17 (soil, forest, temperate, wood, peat)	0.0236365010239
Topic70 (marine, sediment, sponge, sea, deep)	0.016833972017
Topic66 (disease, skin, fossa, male, crease)	0.0157651140159
Topic32 (female, male, vaginal, sapiens, perianal)	0.0125420750127
Topic52 (vaginal, female, american, african, introitus)	0.00967118920978
Topic20 (oral, female, saliva, vaginal, male)	0.00826608090836
Topic37 (female, vaginal, introitus, vagina, fornix)	0.00789973450799
Topic5 (root, endophyte, rhizosphere, compartment, germany)	0.00788708180798
Topic4 (mosquito, acinetobacter, gambiae, anopheles, male)	0.00788685400798
Topic23 (crease, male, disease, skin, fossa)	0.00753170610762
Topic56 (sludge, activate, wastewater, bioreactor, plant)	0.00716716180725
Topic76 (phyllosphere, field, lettuce, sativa, material)	0.00466843680472
Topic2 (gut, ant, patient, marsh, fungus)	0.00394660540399
Topic31 (gut, fecal, male, disease, feces)	0.00288099490291
Topic61 (esophageal, adenocarcinoma, stomach, foregut, adult)	0.0028718836029
Topic68 (gut, infant, pig, role, uncultivated)	0.00251985560255
Topic59 (skin, sediment, disease, female, oil)	0.00251571100254
Topic65 (phyllosphere, sativa, field, lettuce, vancomycin)	0.00251375850254
Topic63 (marine, water, coastal, sea, seawater)	0.00215383510218
Topic24 (gut, swine, feces, rumen, pig)	0.00182323030184
Topic79 (gut, male, female, feces, stool)	0.00181142960183
Topic18 (soil, lettuce, sediment, arable, bovine)	0.00180096950182
Topic50 (gut, varians, ant, cephalotes, insect)	0.00179622780182
Topic15 (dorsum, female, male, oral, plaque)	0.00144943040147
Topic74 (male, gingiva, female, mucosa, dorsum)	0.00144628410146
Topic28 (gut, america, fecal, abdominal, recurrent)	0.0010885196011
Topic60 (skin, healthy, canine, esophageal, milk)	0.00108068830109
Topic33 (gut, stool, neonatal, sapiens, healthy)	0.00107966350109
Topic41 (mouse, gut, diet, stool, feces)	0.000728220030736
Topic62 (male, gingiva, mucosal, mucosa, bovine)	0.000374605460379
Topic48 (america, skin, dog, organismal, pet)	0.000372574970377
Topic35 (ant, mosquito, attine, gamboa, nest)	0.000367708880372
Topic30 (male, female, tonsil, palate, dorsum)	1.77069790179e-05
Topic51 (feces, gut, intestinal, pig, antibiotic)	1.69101930171e-05
Topic16 (gut, mouse, fecal, gnotobiotic, kwashiorkor)	1.6787880017e-05
Topic21 (esophageal, mucosa, adenocarcinoma, male, female)	1.60103370162e-05
Topic12 (tonsil, diseased, oral, canal, root)	1.53345210155e-05
Topic72 (oral, healthy, dog, america, adult)	1.4791250015e-05
Topic49 (plaque, male, female, dental, kingdom)	1.23685390125e-05
Topic9 (gut, healthy, kwashiorkor, twin, fecal)	1.20747910122e-05
Topic42 (horse, rumen, kingdom, gut, colon)	1.11796930113e-05
Topic78 (kwashiorkor, gut, fecal, mouse, gnotobiotic)	9.13971200924e-06
Topic67 (mouse, gut, mycobacterium, tuberculosis, stool)	8.68441030878e-06
Topic53 (water, freshwater, river, wastewater, lake)	8.52182890862e-06
Topic55 (spring, sediment, hot, anaerobic, canada)	8.29280510839e-06
Topic46 (biofilm, water, drink, copper, grow)	8.27168630837e-06
Topic64 (gut, feces, china, dietary, faecal)	7.93804230803e-06
Topic73 (mouse, gut, fecal, gnotobiotic, healthy)	7.80376130789e-06
Topic34 (sediment, marine, coastal, marsh, mat)	7.67382640776e-06
Topic75 (gut, mouse, musculus, mu, fermentation)	7.47384770756e-06
Topic3 (water, freshwater, baltic, lake, sea)	7.3175099074e-06
Topic47 (mouse, fecal, gnotobiotic, recipient, kwashiorkor)	7.16450510725e-06
Topic77 (sediment, digester, pit, anaerobic, mud)	6.40210200647e-06
Topic29 (dental, terrestrial, oral, biofilm, industrial)	6.16726060624e-06
Topic57 (sand, marine, beach, surface, fish)	5.66394660573e-06
Topic36 (gut, terrestrial, aries, ovis, rumen)	5.26039470532e-06
Topic25 (vaginal, gut, female, america, healthy)	4.8490311049e-06
Topic39 (marine, minimum, oxygen, zone, ocean)	4.52504610458e-06
Topic26 (spring, hot, sediment, archaeal, canada)	3.8513534039e-06
Topic22 (mouse, fecal, diet, healthy, gnotobiotic)	3.83376810388e-06
Topic1 (marsh, marine, anthropogenic, fecal, sippewissett)	3.82006720386e-06
Topic0 (marine, mat, hydrothermal, vent, water)	3.61542360366e-06
Topic38 (disease, skin, hand, naris, male)	3.05405180309e-06
Topic40 (water, sea, marine, saline, ocean)	2.93210410297e-06
Topic7 (water, marine, sea, seawater, compartment)	2.77932130281e-06
Topic58 (marine, spring, lake, water, hot)	2.66310170269e-06
Topic43 (female, vaginal, introitus, fornix, scot)	2.5715774026e-06
Topic8 (hydrocarbon, tail, water, pond, oil)	2.22459770225e-06
Topic14 (coral, skin, reef, marine, healthy)	2.00518990203e-06
Topic71 (mine, tail, compost, spring, natural)	1.94776930197e-06
Topic69 (bee, gut, sediment, marine, colony)	1.57450470159e-06
Topic10 (concrete, biofilms, corrosion, biofilm, rocky)	8.75619060886e-07
