	genus	phylum_class	read_count	pct_read_count
159	GpI	Cyanobacteria_Chloroplast	316	10.0126742712294
355	Sphingomonas	Alphaproteobacteria	221	7.00253485424588
109	Deinococcus	Deinococcus_Thermus	152	4.81622306717364
96	Coxiella	Gammaproteobacteria	135	4.27756653992395
97	Craurococcus	Alphaproteobacteria	132	4.18250950570342
95	Corynebacterium	Actinobacteria	89	2.82002534854246
147	Gemmatimonas	Gemmatimonadetes	77	2.43979721166033
180	Hymenobacter	Bacteroidetes	72	2.28136882129278
63	Blastococcus	Actinobacteria	67	2.12294043092522
156	Gp4	Acidobacteria	65	2.0595690747782
222	Methylobacterium	Alphaproteobacteria	65	2.0595690747782
323	Rubellimicrobium	Alphaproteobacteria	64	2.02788339670469
366	Staphylococcus	Firmicutes	45	1.42585551330798
320	Roseomonas	Alphaproteobacteria	43	1.36248415716096
228	Microlunatus	Actinobacteria	35	1.10899873257288
373	Streptophyta	Cyanobacteria_Chloroplast	35	1.10899873257288
220	Massilia	Betaproteobacteria	34	1.07731305449937
246	Nocardioides	Actinobacteria	32	1.01394169835234
352	Sphaerobacter	Chloroflexi	30	0.950570342205323
142	Friedmanniella	Actinobacteria	29	0.918884664131812
94	Conexibacter	Actinobacteria	28	0.887198986058302
194	Kocuria	Actinobacteria	26	0.82382762991128
5	Acidisphaera	Alphaproteobacteria	25	0.792141951837769
43	Arthrobacter	Actinobacteria	25	0.792141951837769
326	Rubrobacter	Actinobacteria	24	0.760456273764259
144	Gardnerella	Actinobacteria	23	0.728770595690748
201	Lactobacillus	Firmicutes	22	0.697084917617237
262	Paracoccus	Alphaproteobacteria	22	0.697084917617237
126	Enhydrobacter	Gammaproteobacteria	21	0.665399239543726
286	Propionibacterium	Actinobacteria	21	0.665399239543726
370	Streptococcus	Firmicutes	21	0.665399239543726
295	Pseudonocardia	Actinobacteria	20	0.633713561470216
9	Acinetobacter	Gammaproteobacteria	19	0.602027883396705
363	Sporichthya	Actinobacteria	19	0.602027883396705
139	Flavisolibacter	Bacteroidetes	18	0.570342205323194
145	Geminicoccus	Alphaproteobacteria	17	0.538656527249683
150	Geodermatophilus	Actinobacteria	17	0.538656527249683
167	GpXIII	Cyanobacteria_Chloroplast	16	0.506970849176172
361	Spirosoma	Bacteroidetes	16	0.506970849176172
162	GpV	Cyanobacteria_Chloroplast	15	0.475285171102662
219	Marmoricola	Actinobacteria	15	0.475285171102662
233	Modestobacter	Actinobacteria	15	0.475285171102662
160	GpIV	Cyanobacteria_Chloroplast	14	0.443599493029151
41	Armatimonas/Armatimonadetes_gp1	Armatimonadetes	13	0.41191381495564
231	Microvirga	Alphaproteobacteria	13	0.41191381495564
349	Solirubrobacter	Actinobacteria	13	0.41191381495564
392	Truepera	Deinococcus_Thermus	13	0.41191381495564
6	Aciditerrimonas	Actinobacteria	12	0.380228136882129
77	Cellulomonas	Actinobacteria	12	0.380228136882129
98	Croceicoccus	Alphaproteobacteria	12	0.380228136882129
381	TM7_genera_incertae_sedis	TM7	12	0.380228136882129
23	Alkanindiges	Gammaproteobacteria	11	0.348542458808619
104	Cystobacter	Deltaproteobacteria	11	0.348542458808619
182	Iamia	Actinobacteria	10	0.316856780735108
189	Kineococcus	Actinobacteria	10	0.316856780735108
248	Novosphingobium	Alphaproteobacteria	10	0.316856780735108
354	Sphingobium	Alphaproteobacteria	10	0.316856780735108
372	Streptomyces	Actinobacteria	10	0.316856780735108
52	Bacillus	Firmicutes	9	0.285171102661597
146	Gemmata	Planctomycetes	9	0.285171102661597
226	Microbacterium	Actinobacteria	9	0.285171102661597
260	Pantoea	Gammaproteobacteria	9	0.285171102661597
294	Pseudomonas	Gammaproteobacteria	9	0.285171102661597
26	Amaricoccus	Alphaproteobacteria	8	0.253485424588086
70	Brevundimonas	Alphaproteobacteria	8	0.253485424588086
85	Chlorophyta	Cyanobacteria_Chloroplast	8	0.253485424588086
140	Flavobacterium	Bacteroidetes	8	0.253485424588086
227	Micrococcus	Actinobacteria	8	0.253485424588086
237	Mycobacterium	Actinobacteria	8	0.253485424588086
313	Rhodopila	Alphaproteobacteria	8	0.253485424588086
400	Variovorax	Betaproteobacteria	8	0.253485424588086
14	Actinoplanes	Actinobacteria	7	0.221799746514575
64	Blastomonas	Alphaproteobacteria	7	0.221799746514575
155	Gp3	Acidobacteria	7	0.221799746514575
158	Gp6	Acidobacteria	7	0.221799746514575
322	Rothia	Actinobacteria	7	0.221799746514575
345	Skermanella	Alphaproteobacteria	7	0.221799746514575
13	Actinomycetospora	Actinobacteria	6	0.190114068441065
25	Altererythrobacter	Alphaproteobacteria	6	0.190114068441065
114	Derxia	Betaproteobacteria	6	0.190114068441065
133	Escherichia/Shigella	Gammaproteobacteria	6	0.190114068441065
184	Ilumatobacter	Actinobacteria	6	0.190114068441065
282	Porphyrobacter	Alphaproteobacteria	6	0.190114068441065
47	Atopobium	Actinobacteria	5	0.158428390367554
65	Blautia	Firmicutes	5	0.158428390367554
67	Brachybacterium	Actinobacteria	5	0.158428390367554
76	Caulobacter	Alphaproteobacteria	5	0.158428390367554
86	Chryseobacterium	Bacteroidetes	5	0.158428390367554
113	Dermacoccus	Actinobacteria	5	0.158428390367554
132	Erythrobacter	Alphaproteobacteria	5	0.158428390367554
187	Janthinobacterium	Betaproteobacteria	5	0.158428390367554
200	Lachnospiracea_incertae_sedis	Firmicutes	5	0.158428390367554
253	Okibacterium	Actinobacteria	5	0.158428390367554
314	Rhodoplanes	Alphaproteobacteria	5	0.158428390367554
16	Adhaeribacter	Bacteroidetes	4	0.126742712294043
19	Aeromicrobium	Actinobacteria	4	0.126742712294043
22	Albidiferax	Betaproteobacteria	4	0.126742712294043
35	Aquabacterium	Betaproteobacteria	4	0.126742712294043
53	Bacteroides	Bacteroidetes	4	0.126742712294043
60	Bellilinea	Chloroflexi	4	0.126742712294043
61	Belnapia	Alphaproteobacteria	4	0.126742712294043
72	Burkholderia	Betaproteobacteria	4	0.126742712294043
81	Chelatococcus	Alphaproteobacteria	4	0.126742712294043
91	Clostridium sensu stricto	Firmicutes	4	0.126742712294043
93	Comamonas	Betaproteobacteria	4	0.126742712294043
102	Curvibacter	Betaproteobacteria	4	0.126742712294043
120	Duganella	Betaproteobacteria	4	0.126742712294043
123	Edwardsiella	Gammaproteobacteria	4	0.126742712294043
178	Humicoccus	Actinobacteria	4	0.126742712294043
185	Intrasporangium	Actinobacteria	4	0.126742712294043
208	Loktanella	Alphaproteobacteria	4	0.126742712294043
212	Lysobacter	Gammaproteobacteria	4	0.126742712294043
224	Methylocystis	Alphaproteobacteria	4	0.126742712294043
261	Parachlamydia	Chlamydiae	4	0.126742712294043
270	Pelomonas	Betaproteobacteria	4	0.126742712294043
276	Pimelobacter	Actinobacteria	4	0.126742712294043
284	Prevotella	Bacteroidetes	4	0.126742712294043
299	Quadrisphaera	Actinobacteria	4	0.126742712294043
300	Ralstonia	Betaproteobacteria	4	0.126742712294043
307	Rhizobium	Alphaproteobacteria	4	0.126742712294043
397	Undibacterium	Betaproteobacteria	4	0.126742712294043
409	Yimella	Actinobacteria	4	0.126742712294043
414	unclassified_Acidobacteria_Gp3	Acidobacteria	4	0.126742712294043
4	Acidisoma	Alphaproteobacteria	3	0.0950570342205323
8	Acidovorax	Betaproteobacteria	3	0.0950570342205323
18	Aerococcus	Firmicutes	3	0.0950570342205323
20	Aeromonas	Gammaproteobacteria	3	0.0950570342205323
33	Angustibacter	Actinobacteria	3	0.0950570342205323
40	Armatimonadetes_gp5	Armatimonadetes	3	0.0950570342205323
48	Aurantimonas	Alphaproteobacteria	3	0.0950570342205323
49	Auritidibacter	Actinobacteria	3	0.0950570342205323
69	Bradyrhizobium	Alphaproteobacteria	3	0.0950570342205323
73	Byssovorax	Deltaproteobacteria	3	0.0950570342205323
79	Cellvibrio	Gammaproteobacteria	3	0.0950570342205323
99	Crossiella	Actinobacteria	3	0.0950570342205323
107	Defluviicoccus	Alphaproteobacteria	3	0.0950570342205323
135	Ferruginibacter	Bacteroidetes	3	0.0950570342205323
138	Finegoldia	Firmicutes	3	0.0950570342205323
153	Gordonia	Actinobacteria	3	0.0950570342205323
165	GpXI	Cyanobacteria_Chloroplast	3	0.0950570342205323
181	Hyphomicrobium	Alphaproteobacteria	3	0.0950570342205323
198	Kytococcus	Actinobacteria	3	0.0950570342205323
202	Lactococcus	Firmicutes	3	0.0950570342205323
239	Nakamurella	Actinobacteria	3	0.0950570342205323
241	Neoasaia	Alphaproteobacteria	3	0.0950570342205323
258	Oxalicibacterium	Betaproteobacteria	3	0.0950570342205323
265	Pasteuria	Firmicutes	3	0.0950570342205323
266	Patulibacter	Actinobacteria	3	0.0950570342205323
267	Paucibacter	Betaproteobacteria	3	0.0950570342205323
287	Propionicicella	Actinobacteria	3	0.0950570342205323
298	Psychrobacter	Gammaproteobacteria	3	0.0950570342205323
319	Roseococcus	Alphaproteobacteria	3	0.0950570342205323
329	Salinarimonas	Alphaproteobacteria	3	0.0950570342205323
331	Salisaeta	Bacteroidetes	3	0.0950570342205323
334	Sanguibacter	Actinobacteria	3	0.0950570342205323
340	Singulisphaera	Planctomycetes	3	0.0950570342205323
350	Sorangium	Deltaproteobacteria	3	0.0950570342205323
356	Sphingopyxis	Alphaproteobacteria	3	0.0950570342205323
385	Tetrasphaera	Actinobacteria	3	0.0950570342205323
406	Weissella	Firmicutes	3	0.0950570342205323
2	Acidicaldus	Alphaproteobacteria	2	0.0633713561470216
12	Actinomyces	Actinobacteria	2	0.0633713561470216
15	Actinopolymorpha	Actinobacteria	2	0.0633713561470216
29	Anaerococcus	Firmicutes	2	0.0633713561470216
38	Arenimonas	Gammaproteobacteria	2	0.0633713561470216
44	Asaia	Alphaproteobacteria	2	0.0633713561470216
55	Barnesiella	Bacteroidetes	2	0.0633713561470216
58	Bdellovibrio	Deltaproteobacteria	2	0.0633713561470216
71	Brooklawnia	Actinobacteria	2	0.0633713561470216
80	Cesiribacter	Bacteroidetes	2	0.0633713561470216
84	Chloroflexus	Chloroflexi	2	0.0633713561470216
90	Clostridium IV	Firmicutes	2	0.0633713561470216
100	Cryptomonadaceae	Cyanobacteria_Chloroplast	2	0.0633713561470216
117	Dietzia	Actinobacteria	2	0.0633713561470216
127	Enterobacter	Gammaproteobacteria	2	0.0633713561470216
129	Epilithonimonas	Bacteroidetes	2	0.0633713561470216
134	Exiguobacterium	Firmicutes	2	0.0633713561470216
136	Fibrella	Bacteroidetes	2	0.0633713561470216
137	Fibrisoma	Bacteroidetes	2	0.0633713561470216
161	GpIX	Cyanobacteria_Chloroplast	2	0.0633713561470216
163	GpVI	Cyanobacteria_Chloroplast	2	0.0633713561470216
169	Haemophilus	Gammaproteobacteria	2	0.0633713561470216
171	Haliangium	Deltaproteobacteria	2	0.0633713561470216
186	Janibacter	Actinobacteria	2	0.0633713561470216
190	Kineosporia	Actinobacteria	2	0.0633713561470216
192	Kluyvera	Gammaproteobacteria	2	0.0633713561470216
195	Krasilnikovia	Actinobacteria	2	0.0633713561470216
199	Labrys	Alphaproteobacteria	2	0.0633713561470216
203	Leclercia	Gammaproteobacteria	2	0.0633713561470216
204	Leifsonia	Actinobacteria	2	0.0633713561470216
205	Leucobacter	Actinobacteria	2	0.0633713561470216
206	Leuconostoc	Firmicutes	2	0.0633713561470216
207	Limnobacter	Betaproteobacteria	2	0.0633713561470216
209	Longilinea	Chloroflexi	2	0.0633713561470216
214	Marihabitans	Actinobacteria	2	0.0633713561470216
221	Mesorhizobium	Alphaproteobacteria	2	0.0633713561470216
229	Micromonospora	Actinobacteria	2	0.0633713561470216
232	Mobilicoccus	Actinobacteria	2	0.0633713561470216
234	Moraxella	Gammaproteobacteria	2	0.0633713561470216
238	Myroides	Bacteroidetes	2	0.0633713561470216
249	OD1_genera_incertae_sedis	OD1	2	0.0633713561470216
250	Oceanibaculum	Alphaproteobacteria	2	0.0633713561470216
271	Peredibacter	Deltaproteobacteria	2	0.0633713561470216
277	Piscinibacter	Betaproteobacteria	2	0.0633713561470216
281	Polaromonas	Betaproteobacteria	2	0.0633713561470216
288	Propioniferax	Actinobacteria	2	0.0633713561470216
290	Pseudoalteromonas	Gammaproteobacteria	2	0.0633713561470216
305	Rheinheimera	Gammaproteobacteria	2	0.0633713561470216
311	Rhodococcus	Actinobacteria	2	0.0633713561470216
318	Roseiflexus	Chloroflexi	2	0.0633713561470216
321	Roseovarius	Alphaproteobacteria	2	0.0633713561470216
333	Sandaracinobacter	Alphaproteobacteria	2	0.0633713561470216
339	Simplicispira	Betaproteobacteria	2	0.0633713561470216
341	Sinobaca	Firmicutes	2	0.0633713561470216
358	Spirillospora	Actinobacteria	2	0.0633713561470216
360	Spiroplasma	Tenericutes	2	0.0633713561470216
369	Streptoalloteichus	Actinobacteria	2	0.0633713561470216
374	Subdivision3_genera_incertae_sedis	Verrucomicrobia	2	0.0633713561470216
380	Syntrophus	Deltaproteobacteria	2	0.0633713561470216
383	Terrimonas	Bacteroidetes	2	0.0633713561470216
394	Tumebacillus	Firmicutes	2	0.0633713561470216
402	Virgisporangium	Actinobacteria	2	0.0633713561470216
405	Wautersiella	Bacteroidetes	2	0.0633713561470216
411	Zimmermannella	Actinobacteria	2	0.0633713561470216
1	Acetobacter	Alphaproteobacteria	1	0.0316856780735108
3	Acidiphilium	Alphaproteobacteria	1	0.0316856780735108
7	Acidothermus	Actinobacteria	1	0.0316856780735108
10	Actibacter	Bacteroidetes	1	0.0316856780735108
11	Actinoallomurus	Actinobacteria	1	0.0316856780735108
17	Aeriscardovia	Actinobacteria	1	0.0316856780735108
21	Agaricicola	Alphaproteobacteria	1	0.0316856780735108
24	Allokutzneria	Actinobacteria	1	0.0316856780735108
27	Aminobacter	Alphaproteobacteria	1	0.0316856780735108
28	Amorphus	Alphaproteobacteria	1	0.0316856780735108
30	Anaeromyxobacter	Deltaproteobacteria	1	0.0316856780735108
31	Anaerosphaera	Firmicutes	1	0.0316856780735108
32	Anderseniella	Alphaproteobacteria	1	0.0316856780735108
34	Anoxybacillus	Firmicutes	1	0.0316856780735108
36	Aquamicrobium	Alphaproteobacteria	1	0.0316856780735108
37	Arenicella	Gammaproteobacteria	1	0.0316856780735108
39	Armatimonadetes_gp4	Armatimonadetes	1	0.0316856780735108
42	Arsenicicoccus	Actinobacteria	1	0.0316856780735108
45	Asanoa	Actinobacteria	1	0.0316856780735108
46	Asticcacaulis	Alphaproteobacteria	1	0.0316856780735108
50	Azospirillum	Alphaproteobacteria	1	0.0316856780735108
51	BRC1_genera_incertae_sedis	BRC1	1	0.0316856780735108
54	Balneimonas	Alphaproteobacteria	1	0.0316856780735108
56	Bartonella	Alphaproteobacteria	1	0.0316856780735108
57	Bauldia	Alphaproteobacteria	1	0.0316856780735108
59	Beijerinckia	Alphaproteobacteria	1	0.0316856780735108
62	Blastochloris	Alphaproteobacteria	1	0.0316856780735108
66	Bosea	Alphaproteobacteria	1	0.0316856780735108
68	Brachymonas	Betaproteobacteria	1	0.0316856780735108
74	Caldalkalibacillus	Firmicutes	1	0.0316856780735108
75	Catellatospora	Actinobacteria	1	0.0316856780735108
78	Cellulosimicrobium	Actinobacteria	1	0.0316856780735108
82	Chitinimonas	Betaproteobacteria	1	0.0316856780735108
83	Chitinophaga	Bacteroidetes	1	0.0316856780735108
87	Clavibacter	Actinobacteria	1	0.0316856780735108
88	Cloacibacterium	Bacteroidetes	1	0.0316856780735108
89	Clostridium III	Firmicutes	1	0.0316856780735108
92	Collinsella	Actinobacteria	1	0.0316856780735108
101	Curtobacterium	Actinobacteria	1	0.0316856780735108
103	Cyclobacterium	Bacteroidetes	1	0.0316856780735108
105	Cytophaga	Bacteroidetes	1	0.0316856780735108
106	Dactylosporangium	Actinobacteria	1	0.0316856780735108
108	Dehalogenimonas	Chloroflexi	1	0.0316856780735108
110	Delftia	Betaproteobacteria	1	0.0316856780735108
111	Demequina	Actinobacteria	1	0.0316856780735108
112	Demetria	Actinobacteria	1	0.0316856780735108
115	Devosia	Alphaproteobacteria	1	0.0316856780735108
116	Diaphorobacter	Betaproteobacteria	1	0.0316856780735108
118	Dinoroseobacter	Alphaproteobacteria	1	0.0316856780735108
119	Dokdonella	Gammaproteobacteria	1	0.0316856780735108
121	Dyadobacter	Bacteroidetes	1	0.0316856780735108
122	Dyella	Gammaproteobacteria	1	0.0316856780735108
124	Elizabethkingia	Bacteroidetes	1	0.0316856780735108
125	Empedobacter	Bacteroidetes	1	0.0316856780735108
128	Enterococcus	Firmicutes	1	0.0316856780735108
130	Erwinia	Gammaproteobacteria	1	0.0316856780735108
131	Erysipelotrichaceae_incertae_sedis	Firmicutes	1	0.0316856780735108
141	Fontibacter	Bacteroidetes	1	0.0316856780735108
143	Fusobacterium	Fusobacteria	1	0.0316856780735108
148	Gemmobacter	Alphaproteobacteria	1	0.0316856780735108
149	Geobacter	Deltaproteobacteria	1	0.0316856780735108
151	Georgenia	Actinobacteria	1	0.0316856780735108
152	Geothrix	Acidobacteria	1	0.0316856780735108
154	Gp10	Acidobacteria	1	0.0316856780735108
157	Gp5	Acidobacteria	1	0.0316856780735108
164	GpVIII	Cyanobacteria_Chloroplast	1	0.0316856780735108
166	GpXII	Cyanobacteria_Chloroplast	1	0.0316856780735108
168	Granulicatella	Firmicutes	1	0.0316856780735108
170	Hafnia	Gammaproteobacteria	1	0.0316856780735108
172	Haliscomenobacter	Bacteroidetes	1	0.0316856780735108
173	Halomonas	Gammaproteobacteria	1	0.0316856780735108
174	Heliothrix	Chloroflexi	1	0.0316856780735108
175	Herminiimonas	Betaproteobacteria	1	0.0316856780735108
176	Herpetosiphon	Chloroflexi	1	0.0316856780735108
177	Humibacter	Actinobacteria	1	0.0316856780735108
179	Hydrogenophaga	Betaproteobacteria	1	0.0316856780735108
183	Ideonella	Betaproteobacteria	1	0.0316856780735108
188	Kibdelosporangium	Actinobacteria	1	0.0316856780735108
191	Klebsiella	Gammaproteobacteria	1	0.0316856780735108
193	Knoellia	Actinobacteria	1	0.0316856780735108
196	Kribbella	Actinobacteria	1	0.0316856780735108
197	Kurthia	Firmicutes	1	0.0316856780735108
210	Longispora	Actinobacteria	1	0.0316856780735108
211	Luteimonas	Gammaproteobacteria	1	0.0316856780735108
213	Macrococcus	Firmicutes	1	0.0316856780735108
215	Marinimicrobium	Gammaproteobacteria	1	0.0316856780735108
216	Marinococcus	Firmicutes	1	0.0316856780735108
217	Maritalea	Alphaproteobacteria	1	0.0316856780735108
218	Maritimimonas	Bacteroidetes	1	0.0316856780735108
223	Methylocella	Alphaproteobacteria	1	0.0316856780735108
225	Methylophilus	Betaproteobacteria	1	0.0316856780735108
230	Micropruina	Actinobacteria	1	0.0316856780735108
235	Morganella	Gammaproteobacteria	1	0.0316856780735108
236	Mycetocola	Actinobacteria	1	0.0316856780735108
240	Neisseria	Betaproteobacteria	1	0.0316856780735108
242	Nesterenkonia	Actinobacteria	1	0.0316856780735108
243	Nitrosomonas	Betaproteobacteria	1	0.0316856780735108
244	Nitrosospira	Betaproteobacteria	1	0.0316856780735108
245	Nocardia	Actinobacteria	1	0.0316856780735108
247	Novispirillum	Alphaproteobacteria	1	0.0316856780735108
251	Oceanicola	Alphaproteobacteria	1	0.0316856780735108
252	Ohtaekwangia	Bacteroidetes	1	0.0316856780735108
254	Ornithinicoccus	Actinobacteria	1	0.0316856780735108
255	Ornithinimicrobium	Actinobacteria	1	0.0316856780735108
256	Oryzihumus	Actinobacteria	1	0.0316856780735108
257	Oscillibacter	Firmicutes	1	0.0316856780735108
259	Paenibacillus	Firmicutes	1	0.0316856780735108
263	Parapedobacter	Bacteroidetes	1	0.0316856780735108
264	Paraprevotella	Bacteroidetes	1	0.0316856780735108
268	Pedobacter	Bacteroidetes	1	0.0316856780735108
269	Pelobacter	Deltaproteobacteria	1	0.0316856780735108
272	Phascolarctobacterium	Firmicutes	1	0.0316856780735108
273	Phenylobacterium	Alphaproteobacteria	1	0.0316856780735108
274	Phycicoccus	Actinobacteria	1	0.0316856780735108
275	Pigmentiphaga	Betaproteobacteria	1	0.0316856780735108
278	Planococcaceae_incertae_sedis	Firmicutes	1	0.0316856780735108
279	Planococcus	Firmicutes	1	0.0316856780735108
280	Plesiomonas	Gammaproteobacteria	1	0.0316856780735108
283	Porphyromonas	Bacteroidetes	1	0.0316856780735108
285	Prolixibacter	Bacteroidetes	1	0.0316856780735108
289	Prosthecobacter	Verrucomicrobia	1	0.0316856780735108
291	Pseudochrobactrum	Alphaproteobacteria	1	0.0316856780735108
292	Pseudoclavibacter	Actinobacteria	1	0.0316856780735108
293	Pseudofulvimonas	Gammaproteobacteria	1	0.0316856780735108
296	Pseudorhodobacter	Alphaproteobacteria	1	0.0316856780735108
297	Pseudosporangium	Actinobacteria	1	0.0316856780735108
301	Ramlibacter	Betaproteobacteria	1	0.0316856780735108
302	Rarobacter	Actinobacteria	1	0.0316856780735108
303	Rathayibacter	Actinobacteria	1	0.0316856780735108
304	Renibacterium	Actinobacteria	1	0.0316856780735108
306	Rhizobacter	Gammaproteobacteria	1	0.0316856780735108
308	Rhodobacter	Alphaproteobacteria	1	0.0316856780735108
309	Rhodoblastus	Alphaproteobacteria	1	0.0316856780735108
310	Rhodocista	Alphaproteobacteria	1	0.0316856780735108
312	Rhodocytophaga	Bacteroidetes	1	0.0316856780735108
315	Rhodovarius	Alphaproteobacteria	1	0.0316856780735108
316	Roseateles	Betaproteobacteria	1	0.0316856780735108
317	Roseburia	Firmicutes	1	0.0316856780735108
324	Rubritepida	Alphaproteobacteria	1	0.0316856780735108
325	Rubrivivax	Betaproteobacteria	1	0.0316856780735108
327	Saccharomonospora	Actinobacteria	1	0.0316856780735108
328	Saccharothrix	Actinobacteria	1	0.0316856780735108
330	Salinicoccus	Firmicutes	1	0.0316856780735108
332	Salmonella	Gammaproteobacteria	1	0.0316856780735108
335	Sediminibacter	Bacteroidetes	1	0.0316856780735108
336	Segetibacter	Bacteroidetes	1	0.0316856780735108
337	Segniliparus	Actinobacteria	1	0.0316856780735108
338	Serinicoccus	Actinobacteria	1	0.0316856780735108
342	Sinobacter	Gammaproteobacteria	1	0.0316856780735108
343	Sinorhizobium	Alphaproteobacteria	1	0.0316856780735108
344	Siphonobacter	Bacteroidetes	1	0.0316856780735108
346	Slackia	Actinobacteria	1	0.0316856780735108
347	Sodalis	Gammaproteobacteria	1	0.0316856780735108
348	Solibacillus	Firmicutes	1	0.0316856780735108
351	Spartobacteria_genera_incertae_sedis	Verrucomicrobia	1	0.0316856780735108
353	Sphingobacterium	Bacteroidetes	1	0.0316856780735108
357	Sphingosinicella	Alphaproteobacteria	1	0.0316856780735108
359	Spirochaeta	Spirochaetes	1	0.0316856780735108
362	Sporacetigenium	Firmicutes	1	0.0316856780735108
364	Stackebrandtia	Actinobacteria	1	0.0316856780735108
365	Stakelama	Alphaproteobacteria	1	0.0316856780735108
367	Starkeya	Alphaproteobacteria	1	0.0316856780735108
368	Steroidobacter	Gammaproteobacteria	1	0.0316856780735108
371	Streptomonospora	Actinobacteria	1	0.0316856780735108
375	Subdoligranulum	Firmicutes	1	0.0316856780735108
376	Sulfuritalea	Betaproteobacteria	1	0.0316856780735108
377	Sutterella	Betaproteobacteria	1	0.0316856780735108
378	Symbiobacterium	Firmicutes	1	0.0316856780735108
379	Syntrophothermus	Firmicutes	1	0.0316856780735108
382	Terracoccus	Actinobacteria	1	0.0316856780735108
384	Tessaracoccus	Actinobacteria	1	0.0316856780735108
386	Thalassobaculum	Alphaproteobacteria	1	0.0316856780735108
387	Thermobacillus	Firmicutes	1	0.0316856780735108
388	Thermomonas	Gammaproteobacteria	1	0.0316856780735108
389	Thermomonospora	Actinobacteria	1	0.0316856780735108
390	Thiobacillus	Betaproteobacteria	1	0.0316856780735108
391	Thiomonas	Betaproteobacteria	1	0.0316856780735108
393	Tuberibacillus	Firmicutes	1	0.0316856780735108
395	Turicibacter	Firmicutes	1	0.0316856780735108
396	Uliginosibacterium	Betaproteobacteria	1	0.0316856780735108
398	Vampirovibrio	Deltaproteobacteria	1	0.0316856780735108
399	Varibaculum	Actinobacteria	1	0.0316856780735108
401	Verrucomicrobium	Verrucomicrobia	1	0.0316856780735108
403	Vitreoscilla	Betaproteobacteria	1	0.0316856780735108
404	Vogesella	Betaproteobacteria	1	0.0316856780735108
407	Wenxinia	Alphaproteobacteria	1	0.0316856780735108
408	Williamsia	Actinobacteria	1	0.0316856780735108
410	Zavarzinella	Planctomycetes	1	0.0316856780735108
412	Zymomonas	Alphaproteobacteria	1	0.0316856780735108
413	unclassified_Acidobacteria_Gp1	Acidobacteria	1	0.0316856780735108
