	V1
Topic37 (female, vaginal, introitus, vagina, fornix)	0.16034114024
Topic2 (gut, ant, patient, marsh, fungus)	0.155734790233
Topic66 (disease, skin, fossa, male, crease)	0.144342310216
Topic18 (soil, lettuce, sediment, arable, bovine)	0.139943230209
Topic59 (skin, sediment, disease, female, oil)	0.12055123018
Topic73 (mouse, gut, fecal, gnotobiotic, healthy)	0.104357470156
Topic32 (female, male, vaginal, sapiens, perianal)	0.0859679941287
Topic76 (phyllosphere, field, lettuce, sativa, material)	0.0501854690751
Topic33 (gut, stool, neonatal, sapiens, healthy)	0.0235925520353
Topic29 (dental, terrestrial, oral, biofilm, industrial)	0.00600074900898
Topic74 (male, gingiva, female, mucosa, dorsum)	0.00480580620719
Topic60 (skin, healthy, canine, esophageal, milk)	0.0012031852018
Topic70 (marine, sediment, sponge, sea, deep)	0.000604015930904
Topic57 (sand, marine, beach, surface, fish)	0.000602893260903
Topic68 (gut, infant, pig, role, uncultivated)	0.00040753252061
Topic47 (mouse, fecal, gnotobiotic, recipient, kwashiorkor)	0.000403821000604
Topic20 (oral, female, saliva, vaginal, male)	0.000217742750326
Topic16 (gut, mouse, fecal, gnotobiotic, kwashiorkor)	0.000209284500313
Topic35 (ant, mosquito, attine, gamboa, nest)	0.000205328060307
Topic24 (gut, swine, feces, rumen, pig)	1.85380480278e-05
Topic79 (gut, male, female, feces, stool)	1.19485470179e-05
Topic13 (male, disease, naris, skin, female)	1.0693355016e-05
Topic45 (america, arable, dog, organismal, door)	1.01967500153e-05
Topic30 (male, female, tonsil, palate, dorsum)	9.8875492148e-06
Topic15 (dorsum, female, male, oral, plaque)	9.71897901455e-06
Topic31 (gut, fecal, male, disease, feces)	9.46163461416e-06
Topic51 (feces, gut, intestinal, pig, antibiotic)	9.44262511414e-06
Topic62 (male, gingiva, mucosal, mucosa, bovine)	9.26892521388e-06
Topic21 (esophageal, mucosa, adenocarcinoma, male, female)	8.94014691338e-06
Topic12 (tonsil, diseased, oral, canal, root)	8.56277251282e-06
Topic72 (oral, healthy, dog, america, adult)	8.25941081236e-06
Topic48 (america, skin, dog, organismal, pet)	8.13510061218e-06
Topic28 (gut, america, fecal, abdominal, recurrent)	8.09713371212e-06
Topic23 (crease, male, disease, skin, fossa)	7.57917841135e-06
Topic54 (soil, field, terrestrial, compost, agricultural)	7.23175461083e-06
Topic6 (soil, rhizosphere, field, garden, ant)	7.09140561062e-06
Topic44 (sand, oil, depth, normal, hydrocarbon)	7.05430031056e-06
Topic49 (plaque, male, female, dental, kingdom)	6.90657271034e-06
Topic41 (mouse, gut, diet, stool, feces)	6.8165691102e-06
Topic9 (gut, healthy, kwashiorkor, twin, fecal)	6.74254441009e-06
Topic27 (skin, forearm, volar, surface, hand)	6.25404990936e-06
Topic42 (horse, rumen, kingdom, gut, colon)	6.24272300935e-06
Topic5 (root, endophyte, rhizosphere, compartment, germany)	6.11020050915e-06
Topic4 (mosquito, acinetobacter, gambiae, anopheles, male)	5.98299970896e-06
Topic78 (kwashiorkor, gut, fecal, mouse, gnotobiotic)	5.10360080764e-06
Topic67 (mouse, gut, mycobacterium, tuberculosis, stool)	4.84936100726e-06
Topic19 (soil, rhizosphere, plate, farm, root)	4.83584910724e-06
Topic53 (water, freshwater, river, wastewater, lake)	4.75857580712e-06
Topic55 (spring, sediment, hot, anaerobic, canada)	4.63068930693e-06
Topic46 (biofilm, water, drink, copper, grow)	4.61889660691e-06
Topic17 (soil, forest, temperate, wood, peat)	4.51366390676e-06
Topic64 (gut, feces, china, dietary, faecal)	4.43259030664e-06
Topic61 (esophageal, adenocarcinoma, stomach, foregut, adult)	4.37389870655e-06
Topic65 (phyllosphere, sativa, field, lettuce, vancomycin)	4.30758250645e-06
Topic34 (sediment, marine, coastal, marsh, mat)	4.28505260641e-06
Topic75 (gut, mouse, musculus, mu, fermentation)	4.17338480625e-06
Topic3 (water, freshwater, baltic, lake, sea)	4.08608600612e-06
Topic56 (sludge, activate, wastewater, bioreactor, plant)	3.92840080588e-06
Topic77 (sediment, digester, pit, anaerobic, mud)	3.57492370535e-06
Topic50 (gut, varians, ant, cephalotes, insect)	3.45988940518e-06
Topic63 (marine, water, coastal, sea, seawater)	3.23705750485e-06
Topic11 (beach, sand, marine, surface, oil)	3.0696447046e-06
Topic36 (gut, terrestrial, aries, ovis, rumen)	2.9373961044e-06
Topic52 (vaginal, female, american, african, introitus)	2.80211890419e-06
Topic25 (vaginal, gut, female, america, healthy)	2.70769140405e-06
Topic39 (marine, minimum, oxygen, zone, ocean)	2.52677860378e-06
Topic26 (spring, hot, sediment, archaeal, canada)	2.15058970322e-06
Topic22 (mouse, fecal, diet, healthy, gnotobiotic)	2.1407701032e-06
Topic1 (marsh, marine, anthropogenic, fecal, sippewissett)	2.13311950319e-06
Topic0 (marine, mat, hydrothermal, vent, water)	2.01884690302e-06
Topic38 (disease, skin, hand, naris, male)	1.70537770255e-06
Topic40 (water, sea, marine, saline, ocean)	1.63728230245e-06
Topic7 (water, marine, sea, seawater, compartment)	1.55196870232e-06
Topic58 (marine, spring, lake, water, hot)	1.48707180223e-06
Topic43 (female, vaginal, introitus, fornix, scot)	1.43596480215e-06
Topic8 (hydrocarbon, tail, water, pond, oil)	1.24221180186e-06
Topic14 (coral, skin, reef, marine, healthy)	1.11969490168e-06
Topic71 (mine, tail, compost, spring, natural)	1.08763130163e-06
Topic69 (bee, gut, sediment, marine, colony)	8.79200951316e-07
Topic10 (concrete, biofilms, corrosion, biofilm, rocky)	4.88944300732e-07
