	V1
Topic4 (mosquito, acinetobacter, gambiae, anopheles, male)	0.267769770236
Topic45 (america, arable, dog, organismal, door)	0.224859060198
Topic53 (water, freshwater, river, wastewater, lake)	0.153043330135
Topic76 (phyllosphere, field, lettuce, sativa, material)	0.067098303059
Topic14 (coral, skin, reef, marine, healthy)	0.0669334530589
Topic35 (ant, mosquito, attine, gamboa, nest)	0.0622571560548
Topic57 (sand, marine, beach, surface, fish)	0.0335289510295
Topic23 (crease, male, disease, skin, fossa)	0.0288554810254
Topic13 (male, disease, naris, skin, female)	0.0241508800213
Topic32 (female, male, vaginal, sapiens, perianal)	0.0240534690212
Topic51 (feces, gut, intestinal, pig, antibiotic)	0.00978383310861
Topic66 (disease, skin, fossa, male, crease)	0.00972943850856
Topic79 (gut, male, female, feces, stool)	0.00506469070446
Topic30 (male, female, tonsil, palate, dorsum)	0.00501542050441
Topic15 (dorsum, female, male, oral, plaque)	0.00501139070441
Topic54 (soil, field, terrestrial, compost, agricultural)	0.00495193110436
Topic24 (gut, swine, feces, rumen, pig)	0.00044317024039
Topic20 (oral, female, saliva, vaginal, male)	0.000426305120375
Topic37 (female, vaginal, introitus, vagina, fornix)	0.000314971970277
Topic31 (gut, fecal, male, disease, feces)	0.000226189660199
Topic16 (gut, mouse, fecal, gnotobiotic, kwashiorkor)	0.000224102460197
Topic62 (male, gingiva, mucosal, mucosa, bovine)	0.000221582760195
Topic21 (esophageal, mucosa, adenocarcinoma, male, female)	0.000213722990188
Topic12 (tonsil, diseased, oral, canal, root)	0.00020470148018
Topic72 (oral, healthy, dog, america, adult)	0.000197449320174
Topic48 (america, skin, dog, organismal, pet)	0.000194477570171
Topic28 (gut, america, fecal, abdominal, recurrent)	0.00019356993017
Topic74 (male, gingiva, female, mucosa, dorsum)	0.000190340680167
Topic68 (gut, infant, pig, role, uncultivated)	0.000184366960162
Topic6 (soil, rhizosphere, field, garden, ant)	0.000169527010149
Topic44 (sand, oil, depth, normal, hydrocarbon)	0.000168639970148
Topic49 (plaque, male, female, dental, kingdom)	0.000165108400145
Topic41 (mouse, gut, diet, stool, feces)	0.000162956780143
Topic9 (gut, healthy, kwashiorkor, twin, fecal)	0.000161187140142
Topic27 (skin, forearm, volar, surface, hand)	0.000149509200132
Topic42 (horse, rumen, kingdom, gut, colon)	0.000149238420131
Topic5 (root, endophyte, rhizosphere, compartment, germany)	0.000146070340129
Topic18 (soil, lettuce, sediment, arable, bovine)	0.000146009220128
Topic59 (skin, sediment, disease, female, oil)	0.000129040440114
Topic78 (kwashiorkor, gut, fecal, mouse, gnotobiotic)	0.000122006590107
Topic67 (mouse, gut, mycobacterium, tuberculosis, stool)	0.000115928740102
Topic19 (soil, rhizosphere, plate, farm, root)	0.000115605720102
Topic2 (gut, ant, patient, marsh, fungus)	0.0001139436101
Topic55 (spring, sediment, hot, anaerobic, canada)	0.000110701170097
Topic46 (biofilm, water, drink, copper, grow)	0.000110419260097
Topic17 (soil, forest, temperate, wood, peat)	0.000107903570095
Topic64 (gut, feces, china, dietary, faecal)	0.000105965420093
Topic61 (esophageal, adenocarcinoma, stomach, foregut, adult)	0.000104562340092
Topic73 (mouse, gut, fecal, gnotobiotic, healthy)	0.000104172900092
Topic65 (phyllosphere, sativa, field, lettuce, vancomycin)	0.000102976990091
Topic70 (marine, sediment, sponge, sea, deep)	0.00010244694009
Topic34 (sediment, marine, coastal, marsh, mat)	0.00010243839009
Topic75 (gut, mouse, musculus, mu, fermentation)	9.97688600878e-05
Topic3 (water, freshwater, baltic, lake, sea)	9.7681897086e-05
Topic47 (mouse, fecal, gnotobiotic, recipient, kwashiorkor)	9.56394270842e-05
Topic56 (sludge, activate, wastewater, bioreactor, plant)	9.39122790826e-05
Topic60 (skin, healthy, canine, esophageal, milk)	8.90289030783e-05
Topic77 (sediment, digester, pit, anaerobic, mud)	8.54620600752e-05
Topic50 (gut, varians, ant, cephalotes, insect)	8.27120520728e-05
Topic29 (dental, terrestrial, oral, biofilm, industrial)	8.23271470724e-05
Topic63 (marine, water, coastal, sea, seawater)	7.73850370681e-05
Topic33 (gut, stool, neonatal, sapiens, healthy)	7.53483970663e-05
Topic11 (beach, sand, marine, surface, oil)	7.33828700646e-05
Topic36 (gut, terrestrial, aries, ovis, rumen)	7.02213380618e-05
Topic52 (vaginal, female, american, african, introitus)	6.69874040589e-05
Topic25 (vaginal, gut, female, america, healthy)	6.4730020057e-05
Topic39 (marine, minimum, oxygen, zone, ocean)	6.04051240532e-05
Topic26 (spring, hot, sediment, archaeal, canada)	5.14119570452e-05
Topic22 (mouse, fecal, diet, healthy, gnotobiotic)	5.1177210045e-05
Topic1 (marsh, marine, anthropogenic, fecal, sippewissett)	5.09943160449e-05
Topic0 (marine, mat, hydrothermal, vent, water)	4.82625160425e-05
Topic38 (disease, skin, hand, naris, male)	4.07687290359e-05
Topic40 (water, sea, marine, saline, ocean)	3.91408410344e-05
Topic7 (water, marine, sea, seawater, compartment)	3.71013340326e-05
Topic58 (marine, spring, lake, water, hot)	3.55499110313e-05
Topic43 (female, vaginal, introitus, fornix, scot)	3.43281480302e-05
Topic8 (hydrocarbon, tail, water, pond, oil)	2.96962930261e-05
Topic71 (mine, tail, compost, spring, natural)	2.60008940229e-05
Topic69 (bee, gut, sediment, marine, colony)	2.10181620185e-05
Topic10 (concrete, biofilms, corrosion, biofilm, rocky)	1.16886940103e-05
