	genus	phylum_class	read_count	pct_read_count
2	Acinetobacter	Gammaproteobacteria	41	19.5238095238095
52	Psychrobacter	Gammaproteobacteria	15	7.14285714285714
46	Paracoccus	Alphaproteobacteria	12	5.71428571428571
51	Pseudomonas	Gammaproteobacteria	12	5.71428571428571
28	Flavobacterium	Bacteroidetes	11	5.23809523809524
16	Cellvibrio	Gammaproteobacteria	8	3.80952380952381
11	Blastococcus	Actinobacteria	6	2.85714285714286
50	Propionibacterium	Actinobacteria	6	2.85714285714286
54	Rheinheimera	Gammaproteobacteria	6	2.85714285714286
57	Shewanella	Gammaproteobacteria	6	2.85714285714286
14	Brevundimonas	Alphaproteobacteria	5	2.38095238095238
21	Corynebacterium	Actinobacteria	4	1.9047619047619
5	Alkanindiges	Gammaproteobacteria	3	1.42857142857143
20	Comamonas	Betaproteobacteria	3	1.42857142857143
34	Janthinobacterium	Betaproteobacteria	3	1.42857142857143
59	Sphingobacterium	Bacteroidetes	3	1.42857142857143
7	Amaricoccus	Alphaproteobacteria	2	0.952380952380952
24	Edwardsiella	Gammaproteobacteria	2	0.952380952380952
27	Finegoldia	Firmicutes	2	0.952380952380952
33	Intrasporangium	Actinobacteria	2	0.952380952380952
35	Kocuria	Actinobacteria	2	0.952380952380952
47	Pedobacter	Bacteroidetes	2	0.952380952380952
55	Ruminococcus	Firmicutes	2	0.952380952380952
58	Simplicispira	Betaproteobacteria	2	0.952380952380952
60	Sphingosinicella	Alphaproteobacteria	2	0.952380952380952
62	Staphylococcus	Firmicutes	2	0.952380952380952
63	Stenotrophomonas	Gammaproteobacteria	2	0.952380952380952
64	Thauera	Betaproteobacteria	2	0.952380952380952
66	Variovorax	Betaproteobacteria	2	0.952380952380952
68	Yuhushiella	Actinobacteria	2	0.952380952380952
1	Aciditerrimonas	Actinobacteria	1	0.476190476190476
3	Actinomyces	Actinobacteria	1	0.476190476190476
4	Aeromonas	Gammaproteobacteria	1	0.476190476190476
6	Altererythrobacter	Alphaproteobacteria	1	0.476190476190476
8	Arthrobacter	Actinobacteria	1	0.476190476190476
9	Aurantimonas	Alphaproteobacteria	1	0.476190476190476
10	Bacteroides	Bacteroidetes	1	0.476190476190476
12	Bordetella	Betaproteobacteria	1	0.476190476190476
13	Brachymonas	Betaproteobacteria	1	0.476190476190476
15	Caulobacter	Alphaproteobacteria	1	0.476190476190476
17	Chloroflexus	Chloroflexi	1	0.476190476190476
18	Chlorophyta	Cyanobacteria_Chloroplast	1	0.476190476190476
19	Chryseobacterium	Bacteroidetes	1	0.476190476190476
22	Cytophaga	Bacteroidetes	1	0.476190476190476
23	Dysgonomonas	Bacteroidetes	1	0.476190476190476
25	Escherichia/Shigella	Gammaproteobacteria	1	0.476190476190476
26	Facklamia	Firmicutes	1	0.476190476190476
29	Flectobacillus	Bacteroidetes	1	0.476190476190476
30	Georgfuchsia	Betaproteobacteria	1	0.476190476190476
31	Humicoccus	Actinobacteria	1	0.476190476190476
32	Hydrogenophaga	Betaproteobacteria	1	0.476190476190476
36	Luteimonas	Gammaproteobacteria	1	0.476190476190476
37	Lysobacter	Gammaproteobacteria	1	0.476190476190476
38	Massilia	Betaproteobacteria	1	0.476190476190476
39	Methylobacterium	Alphaproteobacteria	1	0.476190476190476
40	Microbacterium	Actinobacteria	1	0.476190476190476
41	Mycetocola	Actinobacteria	1	0.476190476190476
42	Mycobacterium	Actinobacteria	1	0.476190476190476
43	Nesterenkonia	Actinobacteria	1	0.476190476190476
44	Ottowia	Betaproteobacteria	1	0.476190476190476
45	Pantoea	Gammaproteobacteria	1	0.476190476190476
48	Perlucidibaca	Gammaproteobacteria	1	0.476190476190476
49	Pontibacter	Bacteroidetes	1	0.476190476190476
53	Quadrisphaera	Actinobacteria	1	0.476190476190476
56	Serpens	Gammaproteobacteria	1	0.476190476190476
61	Sporichthya	Actinobacteria	1	0.476190476190476
65	Thiovirga	Gammaproteobacteria	1	0.476190476190476
67	Veillonella	Firmicutes	1	0.476190476190476
