	V1
Topic45 (america, arable, dog, organismal, door)	0.545141237143
Topic6 (soil, rhizosphere, field, garden, ant)	0.208117828909
Topic54 (soil, field, terrestrial, compost, agricultural)	0.0581792746951
Topic17 (soil, forest, temperate, wood, peat)	0.0483606517466
Topic32 (female, male, vaginal, sapiens, perianal)	0.0147368419228
Topic70 (marine, sediment, sponge, sea, deep)	0.0147286639228
Topic59 (skin, sediment, disease, female, oil)	0.0133312639301
Topic56 (sludge, activate, wastewater, bioreactor, plant)	0.0133261129302
Topic66 (disease, skin, fossa, male, crease)	0.0126368149338
Topic27 (skin, forearm, volar, surface, hand)	0.0119329649375
Topic44 (sand, oil, depth, normal, hydrocarbon)	0.0105344699448
Topic2 (gut, ant, patient, marsh, fungus)	0.00912515175218
Topic13 (male, disease, naris, skin, female)	0.00844527515574
Topic19 (soil, rhizosphere, plate, farm, root)	0.00842474565585
Topic23 (crease, male, disease, skin, fossa)	0.00563176157049
Topic51 (feces, gut, intestinal, pig, antibiotic)	0.00423699317779
Topic37 (female, vaginal, introitus, vagina, fornix)	0.0035494262814
Topic73 (mouse, gut, fecal, gnotobiotic, healthy)	0.0021172218889
Topic20 (oral, female, saliva, vaginal, male)	0.00146379949233
Topic33 (gut, stool, neonatal, sapiens, healthy)	0.0014123461926
Topic52 (vaginal, female, american, african, introitus)	0.0014111203926
Topic62 (male, gingiva, mucosal, mucosa, bovine)	0.000733135676158
Topic9 (gut, healthy, kwashiorkor, twin, fecal)	0.000724281166204
Topic69 (bee, gut, sediment, marine, colony)	0.000703731186312
Topic24 (gut, swine, feces, rumen, pig)	6.49725746595e-05
Topic79 (gut, male, female, feces, stool)	4.18775407805e-05
Topic30 (male, female, tonsil, palate, dorsum)	3.46541078184e-05
Topic15 (dorsum, female, male, oral, plaque)	3.40632988215e-05
Topic31 (gut, fecal, male, disease, feces)	3.31613528262e-05
Topic16 (gut, mouse, fecal, gnotobiotic, kwashiorkor)	3.28553508278e-05
Topic21 (esophageal, mucosa, adenocarcinoma, male, female)	3.13336308358e-05
Topic12 (tonsil, diseased, oral, canal, root)	3.00109998427e-05
Topic72 (oral, healthy, dog, america, adult)	2.89477718483e-05
Topic48 (america, skin, dog, organismal, pet)	2.85120858506e-05
Topic28 (gut, america, fecal, abdominal, recurrent)	2.83790188513e-05
Topic76 (phyllosphere, field, lettuce, sativa, material)	2.80928598528e-05
Topic74 (male, gingiva, female, mucosa, dorsum)	2.79055828538e-05
Topic68 (gut, infant, pig, role, uncultivated)	2.70297848583e-05
Topic49 (plaque, male, female, dental, kingdom)	2.42063138731e-05
Topic41 (mouse, gut, diet, stool, feces)	2.38908668748e-05
Topic42 (horse, rumen, kingdom, gut, colon)	2.18796378853e-05
Topic5 (root, endophyte, rhizosphere, compartment, germany)	2.14151698878e-05
Topic18 (soil, lettuce, sediment, arable, bovine)	2.14062088878e-05
Topic4 (mosquito, acinetobacter, gambiae, anopheles, male)	2.09693538901e-05
Topic35 (ant, mosquito, attine, gamboa, nest)	1.89887219005e-05
Topic78 (kwashiorkor, gut, fecal, mouse, gnotobiotic)	1.78872169063e-05
Topic67 (mouse, gut, mycobacterium, tuberculosis, stool)	1.69961509109e-05
Topic53 (water, freshwater, river, wastewater, lake)	1.66779649126e-05
Topic55 (spring, sediment, hot, anaerobic, canada)	1.62297459149e-05
Topic46 (biofilm, water, drink, copper, grow)	1.61884139152e-05
Topic64 (gut, feces, china, dietary, faecal)	1.55354439186e-05
Topic61 (esophageal, adenocarcinoma, stomach, foregut, adult)	1.53297399197e-05
Topic65 (phyllosphere, sativa, field, lettuce, vancomycin)	1.50973129209e-05
Topic34 (sediment, marine, coastal, marsh, mat)	1.50183499213e-05
Topic75 (gut, mouse, musculus, mu, fermentation)	1.46269739233e-05
Topic3 (water, freshwater, baltic, lake, sea)	1.43210069249e-05
Topic47 (mouse, fecal, gnotobiotic, recipient, kwashiorkor)	1.40215639265e-05
Topic60 (skin, healthy, canine, esophageal, milk)	1.30524039316e-05
Topic77 (sediment, digester, pit, anaerobic, mud)	1.25294739343e-05
Topic50 (gut, varians, ant, cephalotes, insect)	1.21262989364e-05
Topic29 (dental, terrestrial, oral, biofilm, industrial)	1.20698689367e-05
Topic63 (marine, water, coastal, sea, seawater)	1.13453129405e-05
Topic57 (sand, marine, beach, surface, fish)	1.10848389419e-05
Topic11 (beach, sand, marine, surface, oil)	1.07585609436e-05
Topic36 (gut, terrestrial, aries, ovis, rumen)	1.0295052946e-05
Topic25 (vaginal, gut, female, america, healthy)	9.48997845026e-06
Topic39 (marine, minimum, oxygen, zone, ocean)	8.85591145359e-06
Topic26 (spring, hot, sediment, archaeal, canada)	7.5374357605e-06
Topic22 (mouse, fecal, diet, healthy, gnotobiotic)	7.50301986068e-06
Topic1 (marsh, marine, anthropogenic, fecal, sippewissett)	7.47620596082e-06
Topic0 (marine, mat, hydrothermal, vent, water)	7.07570056292e-06
Topic38 (disease, skin, hand, naris, male)	5.97704676868e-06
Topic40 (water, sea, marine, saline, ocean)	5.73838436993e-06
Topic7 (water, marine, sea, seawater, compartment)	5.43937517149e-06
Topic58 (marine, spring, lake, water, hot)	5.21192317269e-06
Topic43 (female, vaginal, introitus, fornix, scot)	5.03280207362e-06
Topic8 (hydrocarbon, tail, water, pond, oil)	4.35373237718e-06
Topic14 (coral, skin, reef, marine, healthy)	3.92433217943e-06
Topic71 (mine, tail, compost, spring, natural)	3.81195498002e-06
Topic10 (concrete, biofilms, corrosion, biofilm, rocky)	1.71366319102e-06
