	genus	phylum_class	read_count	pct_read_count
107	GpI	Cyanobacteria_Chloroplast	395	20.844327176781
237	Sphingomonas	Alphaproteobacteria	93	4.90765171503958
69	Craurococcus	Alphaproteobacteria	89	4.69656992084433
214	Rubellimicrobium	Alphaproteobacteria	64	3.37730870712401
98	Gemmatimonas	Gemmatimonadetes	60	3.16622691292876
249	Streptophyta	Cyanobacteria_Chloroplast	58	3.06068601583113
159	Microlunatus	Actinobacteria	47	2.4802110817942
111	GpV	Cyanobacteria_Chloroplast	46	2.42744063324538
197	Pseudonocardia	Actinobacteria	46	2.42744063324538
75	Deinococcus	Deinococcus_Thermus	43	2.26912928759894
109	GpIV	Cyanobacteria_Chloroplast	37	1.95250659630607
105	Gp4	Acidobacteria	33	1.74142480211082
240	Spirosoma	Bacteroidetes	32	1.68865435356201
213	Roseomonas	Alphaproteobacteria	31	1.63588390501319
94	Friedmanniella	Actinobacteria	26	1.37203166226913
153	Methylobacterium	Alphaproteobacteria	26	1.37203166226913
234	Sphaerobacter	Chloroflexi	25	1.31926121372032
206	Rhodopila	Alphaproteobacteria	19	1.00263852242744
86	Escherichia/Shigella	Gammaproteobacteria	18	0.949868073878628
120	Hymenobacter	Bacteroidetes	18	0.949868073878628
241	Sporichthya	Actinobacteria	18	0.949868073878628
242	Staphylococcus	Firmicutes	18	0.949868073878628
115	GpXIII	Cyanobacteria_Chloroplast	15	0.79155672823219
256	Truepera	Deinococcus_Thermus	15	0.79155672823219
97	Gemmata	Planctomycetes	14	0.738786279683377
173	Nocardioides	Actinobacteria	14	0.738786279683377
6	Acidisphaera	Alphaproteobacteria	13	0.686015831134565
67	Corynebacterium	Actinobacteria	13	0.686015831134565
41	Blastococcus	Actinobacteria	12	0.633245382585752
66	Conexibacter	Actinobacteria	12	0.633245382585752
161	Microvirga	Alphaproteobacteria	12	0.633245382585752
13	Actinoplanes	Actinobacteria	9	0.474934036939314
128	Kineococcus	Actinobacteria	9	0.474934036939314
182	Paracoccus	Alphaproteobacteria	9	0.474934036939314
192	Propionibacterium	Actinobacteria	8	0.422163588390501
221	Sandaracinobacter	Alphaproteobacteria	8	0.422163588390501
29	Arthrobacter	Actinobacteria	7	0.369393139841689
157	Microbacterium	Actinobacteria	7	0.369393139841689
162	Modestobacter	Actinobacteria	7	0.369393139841689
215	Rubrobacter	Actinobacteria	7	0.369393139841689
11	Actinomycetospora	Actinobacteria	6	0.316622691292876
27	Armatimonas/Armatimonadetes_gp1	Armatimonadetes	6	0.316622691292876
31	Auraticoccus	Actinobacteria	6	0.316622691292876
59	Chlorophyta	Cyanobacteria_Chloroplast	6	0.316622691292876
91	Flavisolibacter	Bacteroidetes	6	0.316622691292876
110	GpIX	Cyanobacteria_Chloroplast	6	0.316622691292876
209	Rickettsia	Alphaproteobacteria	6	0.316622691292876
26	Armatimonadetes_gp5	Armatimonadetes	5	0.263852242744063
55	Cellulomonas	Actinobacteria	5	0.263852242744063
57	Chelatococcus	Alphaproteobacteria	5	0.263852242744063
71	Crossiella	Actinobacteria	5	0.263852242744063
81	Devosia	Alphaproteobacteria	5	0.263852242744063
84	Edwardsiella	Gammaproteobacteria	5	0.263852242744063
85	Enterococcus	Firmicutes	5	0.263852242744063
119	Humicoccus	Actinobacteria	5	0.263852242744063
139	Lactobacillus	Firmicutes	5	0.263852242744063
248	Streptomyces	Actinobacteria	5	0.263852242744063
28	Arsenicicoccus	Actinobacteria	4	0.211081794195251
33	Bacillus	Firmicutes	4	0.211081794195251
70	Croceicoccus	Alphaproteobacteria	4	0.211081794195251
88	Ferruginibacter	Bacteroidetes	4	0.211081794195251
96	Geminicoccus	Alphaproteobacteria	4	0.211081794195251
99	Geodermatophilus	Actinobacteria	4	0.211081794195251
104	Gp3	Acidobacteria	4	0.211081794195251
113	GpXI	Cyanobacteria_Chloroplast	4	0.211081794195251
122	Ilumatobacter	Actinobacteria	4	0.211081794195251
148	Lysinibacillus	Firmicutes	4	0.211081794195251
149	Lysobacter	Gammaproteobacteria	4	0.211081794195251
166	Nakamurella	Actinobacteria	4	0.211081794195251
180	Paenibacillus	Firmicutes	4	0.211081794195251
196	Pseudomonas	Gammaproteobacteria	4	0.211081794195251
201	Rhodobacter	Alphaproteobacteria	4	0.211081794195251
203	Rhodococcus	Actinobacteria	4	0.211081794195251
204	Rhodocytophaga	Bacteroidetes	4	0.211081794195251
220	Salmonella	Gammaproteobacteria	4	0.211081794195251
227	Singulisphaera	Planctomycetes	4	0.211081794195251
230	Solirubrobacter	Actinobacteria	4	0.211081794195251
2	Acetobacter	Alphaproteobacteria	3	0.158311345646438
9	Acinetobacter	Gammaproteobacteria	3	0.158311345646438
15	Adhaeribacter	Bacteroidetes	3	0.158311345646438
36	Bellilinea	Chloroflexi	3	0.158311345646438
50	Byssovorax	Deltaproteobacteria	3	0.158311345646438
65	Comamonas	Betaproteobacteria	3	0.158311345646438
103	Gp25	Acidobacteria	3	0.158311345646438
121	Iamia	Actinobacteria	3	0.158311345646438
127	Kibdelosporangium	Actinobacteria	3	0.158311345646438
145	Limnobacter	Betaproteobacteria	3	0.158311345646438
152	Massilia	Betaproteobacteria	3	0.158311345646438
177	Oerskovia	Actinobacteria	3	0.158311345646438
191	Planococcaceae_incertae_sedis	Firmicutes	3	0.158311345646438
198	Quadrisphaera	Actinobacteria	3	0.158311345646438
200	Rhizobium	Alphaproteobacteria	3	0.158311345646438
205	Rhodomicrobium	Alphaproteobacteria	3	0.158311345646438
207	Rhodoplanes	Alphaproteobacteria	3	0.158311345646438
210	Roseburia	Firmicutes	3	0.158311345646438
212	Roseococcus	Alphaproteobacteria	3	0.158311345646438
232	Sorangium	Deltaproteobacteria	3	0.158311345646438
262	Virgisporangium	Actinobacteria	3	0.158311345646438
4	Acidiphilium	Alphaproteobacteria	2	0.105540897097625
10	Actinocatenispora	Actinobacteria	2	0.105540897097625
21	Amnibacterium	Actinobacteria	2	0.105540897097625
23	Ancylobacter	Alphaproteobacteria	2	0.105540897097625
34	Balneimonas	Alphaproteobacteria	2	0.105540897097625
35	Beijerinckia	Alphaproteobacteria	2	0.105540897097625
40	Blastochloris	Alphaproteobacteria	2	0.105540897097625
47	Bradyrhizobium	Alphaproteobacteria	2	0.105540897097625
49	Brevundimonas	Alphaproteobacteria	2	0.105540897097625
51	Caldilinea	Chloroflexi	2	0.105540897097625
53	Catelliglobosispora	Actinobacteria	2	0.105540897097625
63	Clostridium sensu stricto	Firmicutes	2	0.105540897097625
68	Coxiella	Gammaproteobacteria	2	0.105540897097625
73	Cryptosporangium	Actinobacteria	2	0.105540897097625
74	Deinobacterium	Deinococcus_Thermus	2	0.105540897097625
78	Dermacoccus	Actinobacteria	2	0.105540897097625
89	Fibrella	Bacteroidetes	2	0.105540897097625
90	Fibrisoma	Bacteroidetes	2	0.105540897097625
93	Fodinicola	Actinobacteria	2	0.105540897097625
95	Gardnerella	Actinobacteria	2	0.105540897097625
106	Gp6	Acidobacteria	2	0.105540897097625
108	GpIIa	Cyanobacteria_Chloroplast	2	0.105540897097625
112	GpVIII	Cyanobacteria_Chloroplast	2	0.105540897097625
114	GpXII	Cyanobacteria_Chloroplast	2	0.105540897097625
123	Inquilinus	Alphaproteobacteria	2	0.105540897097625
129	Kineosporia	Actinobacteria	2	0.105540897097625
133	Krasilnikovia	Actinobacteria	2	0.105540897097625
137	Labrys	Alphaproteobacteria	2	0.105540897097625
140	Leclercia	Gammaproteobacteria	2	0.105540897097625
144	Leucobacter	Actinobacteria	2	0.105540897097625
146	Longilinea	Chloroflexi	2	0.105540897097625
151	Marmoricola	Actinobacteria	2	0.105540897097625
156	Methylocystis	Alphaproteobacteria	2	0.105540897097625
158	Micrococcus	Actinobacteria	2	0.105540897097625
160	Micromonospora	Actinobacteria	2	0.105540897097625
168	Neoasaia	Alphaproteobacteria	2	0.105540897097625
172	Nocardia	Actinobacteria	2	0.105540897097625
176	Ochrobactrum	Alphaproteobacteria	2	0.105540897097625
178	Okibacterium	Actinobacteria	2	0.105540897097625
179	Ornithinicoccus	Actinobacteria	2	0.105540897097625
194	Propioniferax	Actinobacteria	2	0.105540897097625
199	Rhizobacter	Gammaproteobacteria	2	0.105540897097625
211	Roseivirga	Bacteroidetes	2	0.105540897097625
216	Saccharopolyspora	Actinobacteria	2	0.105540897097625
219	Salisaeta	Bacteroidetes	2	0.105540897097625
224	Segetibacter	Bacteroidetes	2	0.105540897097625
226	Simplicispira	Betaproteobacteria	2	0.105540897097625
228	Siphonobacter	Bacteroidetes	2	0.105540897097625
229	Skermanella	Alphaproteobacteria	2	0.105540897097625
233	Spartobacteria_genera_incertae_sedis	Verrucomicrobia	2	0.105540897097625
243	Stappia	Alphaproteobacteria	2	0.105540897097625
244	Starkeya	Alphaproteobacteria	2	0.105540897097625
247	Streptococcus	Firmicutes	2	0.105540897097625
252	TM7_genera_incertae_sedis	TM7	2	0.105540897097625
253	Tessaracoccus	Actinobacteria	2	0.105540897097625
261	Virgibacillus	Firmicutes	2	0.105540897097625
264	Zavarzinella	Planctomycetes	2	0.105540897097625
266	Zymomonas	Alphaproteobacteria	2	0.105540897097625
1	Acetivibrio	Firmicutes	1	0.0527704485488127
3	Achromobacter	Betaproteobacteria	1	0.0527704485488127
5	Acidisoma	Alphaproteobacteria	1	0.0527704485488127
7	Aciditerrimonas	Actinobacteria	1	0.0527704485488127
8	Acidocella	Alphaproteobacteria	1	0.0527704485488127
12	Actinophytocola	Actinobacteria	1	0.0527704485488127
14	Actinopolyspora	Actinobacteria	1	0.0527704485488127
16	Advenella	Betaproteobacteria	1	0.0527704485488127
17	Aeromicrobium	Actinobacteria	1	0.0527704485488127
18	Afifella	Alphaproteobacteria	1	0.0527704485488127
19	Agrococcus	Actinobacteria	1	0.0527704485488127
20	Amaricoccus	Alphaproteobacteria	1	0.0527704485488127
22	Amycolatopsis	Actinobacteria	1	0.0527704485488127
24	Anderseniella	Alphaproteobacteria	1	0.0527704485488127
25	Angustibacter	Actinobacteria	1	0.0527704485488127
30	Aspromonas	Gammaproteobacteria	1	0.0527704485488127
32	Austwickia	Actinobacteria	1	0.0527704485488127
37	Belnapia	Alphaproteobacteria	1	0.0527704485488127
38	Bhargavaea	Firmicutes	1	0.0527704485488127
39	Bifidobacterium	Actinobacteria	1	0.0527704485488127
42	Blastomonas	Alphaproteobacteria	1	0.0527704485488127
43	Bogoriella	Actinobacteria	1	0.0527704485488127
44	Bordetella	Betaproteobacteria	1	0.0527704485488127
45	Bosea	Alphaproteobacteria	1	0.0527704485488127
46	Brachybacterium	Actinobacteria	1	0.0527704485488127
48	Brevibacterium	Actinobacteria	1	0.0527704485488127
52	Caldimicrobium	Thermodesulfobacteria	1	0.0527704485488127
54	Caulobacter	Alphaproteobacteria	1	0.0527704485488127
56	Cellulosimicrobium	Actinobacteria	1	0.0527704485488127
58	Chloroflexus	Chloroflexi	1	0.0527704485488127
60	Chryseobacterium	Bacteroidetes	1	0.0527704485488127
61	Chthonomonas/Armatimonadetes_gp3	Armatimonadetes	1	0.0527704485488127
62	Citrobacter	Gammaproteobacteria	1	0.0527704485488127
64	Cohnella	Firmicutes	1	0.0527704485488127
72	Cryptomonadaceae	Cyanobacteria_Chloroplast	1	0.0527704485488127
76	Delftia	Betaproteobacteria	1	0.0527704485488127
77	Denitratisoma	Betaproteobacteria	1	0.0527704485488127
79	Derxia	Betaproteobacteria	1	0.0527704485488127
80	Desulfosporosinus	Firmicutes	1	0.0527704485488127
82	Diaphorobacter	Betaproteobacteria	1	0.0527704485488127
83	Dyella	Gammaproteobacteria	1	0.0527704485488127
87	Euzebya	Actinobacteria	1	0.0527704485488127
92	Flavobacterium	Bacteroidetes	1	0.0527704485488127
100	Georgenia	Actinobacteria	1	0.0527704485488127
101	Gordonia	Actinobacteria	1	0.0527704485488127
102	Gp10	Acidobacteria	1	0.0527704485488127
116	Herbaspirillum	Betaproteobacteria	1	0.0527704485488127
117	Hippea	Deltaproteobacteria	1	0.0527704485488127
118	Hoyosella	Actinobacteria	1	0.0527704485488127
124	Janthinobacterium	Betaproteobacteria	1	0.0527704485488127
125	Jeotgalicoccus	Firmicutes	1	0.0527704485488127
126	Jhaorihella	Alphaproteobacteria	1	0.0527704485488127
130	Klebsiella	Gammaproteobacteria	1	0.0527704485488127
131	Kluyvera	Gammaproteobacteria	1	0.0527704485488127
132	Kocuria	Actinobacteria	1	0.0527704485488127
134	Kribbella	Actinobacteria	1	0.0527704485488127
135	Kutzneria	Actinobacteria	1	0.0527704485488127
136	Kytococcus	Actinobacteria	1	0.0527704485488127
138	Lachnospiracea_incertae_sedis	Firmicutes	1	0.0527704485488127
141	Legionella	Gammaproteobacteria	1	0.0527704485488127
142	Leifsonia	Actinobacteria	1	0.0527704485488127
143	Lentibacillus	Firmicutes	1	0.0527704485488127
147	Longispora	Actinobacteria	1	0.0527704485488127
150	Magnetospirillum	Alphaproteobacteria	1	0.0527704485488127
154	Methylocapsa	Alphaproteobacteria	1	0.0527704485488127
155	Methylocella	Alphaproteobacteria	1	0.0527704485488127
163	Murinocardiopsis	Actinobacteria	1	0.0527704485488127
164	Mycetocola	Actinobacteria	1	0.0527704485488127
165	Mycobacterium	Actinobacteria	1	0.0527704485488127
167	Naxibacter	Betaproteobacteria	1	0.0527704485488127
169	Nesiotobacter	Alphaproteobacteria	1	0.0527704485488127
170	Nesterenkonia	Actinobacteria	1	0.0527704485488127
171	Nitriliruptor	Actinobacteria	1	0.0527704485488127
174	Nonomuraea	Actinobacteria	1	0.0527704485488127
175	Novosphingobium	Alphaproteobacteria	1	0.0527704485488127
181	Parachlamydia	Chlamydiae	1	0.0527704485488127
183	Paraprevotella	Bacteroidetes	1	0.0527704485488127
184	Pedobacter	Bacteroidetes	1	0.0527704485488127
185	Peptoniphilus	Firmicutes	1	0.0527704485488127
186	Peredibacter	Deltaproteobacteria	1	0.0527704485488127
187	Phaeovibrio	Alphaproteobacteria	1	0.0527704485488127
188	Phenylobacterium	Alphaproteobacteria	1	0.0527704485488127
189	Planctomyces	Planctomycetes	1	0.0527704485488127
190	Planifilum	Firmicutes	1	0.0527704485488127
193	Propionicimonas	Actinobacteria	1	0.0527704485488127
195	Pseudoclavibacter	Actinobacteria	1	0.0527704485488127
202	Rhodoblastus	Alphaproteobacteria	1	0.0527704485488127
208	Rhodovibrio	Alphaproteobacteria	1	0.0527704485488127
217	Saccharothrix	Actinobacteria	1	0.0527704485488127
218	Salinarimonas	Alphaproteobacteria	1	0.0527704485488127
222	Sandarakinorhabdus	Alphaproteobacteria	1	0.0527704485488127
223	Sediminibacterium	Bacteroidetes	1	0.0527704485488127
225	Serratia	Gammaproteobacteria	1	0.0527704485488127
231	Solitalea	Bacteroidetes	1	0.0527704485488127
235	Sphingobacterium	Bacteroidetes	1	0.0527704485488127
236	Sphingobium	Alphaproteobacteria	1	0.0527704485488127
238	Spirillospora	Actinobacteria	1	0.0527704485488127
239	Spirochaeta	Spirochaetes	1	0.0527704485488127
245	Stenotrophomonas	Gammaproteobacteria	1	0.0527704485488127
246	Steroidobacter	Gammaproteobacteria	1	0.0527704485488127
250	Subtercola	Actinobacteria	1	0.0527704485488127
251	Succiniclasticum	Firmicutes	1	0.0527704485488127
254	Thermobifida	Actinobacteria	1	0.0527704485488127
255	Thioprofundum	Gammaproteobacteria	1	0.0527704485488127
257	Turicibacter	Firmicutes	1	0.0527704485488127
258	Variovorax	Betaproteobacteria	1	0.0527704485488127
259	Verrucomicrobium	Verrucomicrobia	1	0.0527704485488127
260	Victivallis	Lentisphaerae	1	0.0527704485488127
263	Wenxinia	Alphaproteobacteria	1	0.0527704485488127
265	Zhihengliuella	Actinobacteria	1	0.0527704485488127
267	unclassified_Acidobacteria_Gp3	Acidobacteria	1	0.0527704485488127
